{
  "detections_filenames": [
    "./SSD_detections/SSD_ovthresh_0.015_single_detections_PASCAL_VOC_2012_test.pkl",
    "./DeNet_detections/DeNet_ovthresh_0.015_single_detections_PASCAL_VOC_2012_test.pkl",
    "./Faster_R-CNN_detections/Faster_R-CNN_ovthresh_0.015_single_detections_PASCAL_VOC_2012_test.pkl"
  ],
  "single": false,
  "select_threshold": 0.05,
  "main_fold": 1,
  "tau": [
    0.4484444201087372,
    0.7423624085485172,
    0.7423624085485172,
    0.7423624085485172,
    0.5256937704720267
  ],
  "gamma": [
    0.6214828696692978,
    0.3015018156377652,
    0.3015018156377652,
    0.3015018156377652,
    0.6335937471645083
  ],
  "bounding_box_fusion_method": [
    "AVERAGE",
    "WEIGHTED AVERAGE FINAL LABEL",
    "WEIGHTED AVERAGE FINAL LABEL",
    "WEIGHTED AVERAGE FINAL LABEL",
    "AVERAGE"]
,
  "class_scores_fusion_method": [
    "AVERAGE",
    "AVERAGE",
    "AVERAGE",
    "AVERAGE",
    "AVERAGE"
  ],
  "epsilon":[
    0.37537011352851984,
    0.39012134310602187,
    0.39012134310602187,
    0.39012134310602187,
    0.23952742075621797
  ],
  "same_labels_only": [
    false,
    true,
    true,
    true,
    false
  ],
  "add_empty_detections":[
    true,
    true,
    true,
    true,
    true
  ],
  "confidence_style": [
    "LABEL",
    "LABEL",
    "LABEL",
    "LABEL",
    "LABEL"
  ],
  "use_BC": [
    true,
    true,
    true,
    true,
    true
  ],
  "max_1_box_per_detector": [
    true,
    true,
    true,
    true,
    true
  ]
}