{
  "detections_filenames": [
    "./SSD_detections/SSD_ovthresh_0.015_single_detections_PASCAL_VOC_2012_test.pkl",
    "./DeNet_detections/DeNet_ovthresh_0.015_single_detections_PASCAL_VOC_2012_test.pkl"
  ],
  "single": false,
  "select_threshold": 0.015,
  "main_fold": 0,
  "tau": [
    0.7266443010390319,
    0.7266443010390319,
    0.7266443010390319,
    0.5019610024802454,
    0.5910759115350805
  ],
  "gamma": [
    0.2520069952089646,
    0.2520069952089646,
    0.2520069952089646,
    0.3449187528962666,
    0.4808487068964695
  ],
  "bounding_box_fusion_method": [
    "WEIGHTED AVERAGE FINAL LABEL",
    "WEIGHTED AVERAGE FINAL LABEL",
    "WEIGHTED AVERAGE FINAL LABEL",
    "WEIGHTED AVERAGE FINAL LABEL",
    "WEIGHTED AVERAGE FINAL LABEL"
  ],
  "class_scores_fusion_method": [
    "AVERAGE",
    "AVERAGE",
    "AVERAGE",
    "AVERAGE",
    "AVERAGE"
  ],
  "epsilon":[
    0.2574298391671611,
    0.2574298391671611,
    0.2574298391671611,
    0.36724930193345706,
    0.3797197012125075
  ],
  "same_labels_only": [
    true,
    true,
    true,
    true,
    false
  ],
  "add_empty_detections":[
    true,
    true,
    true,
    true,
    true
  ],
  "confidence_style": [
    "LABEL",
    "LABEL",
    "LABEL",
    "LABEL",
    "LABEL"
  ],
  "use_BC": [
    true,
    true,
    true,
    true,
    true
  ],
  "max_1_box_per_detector": [
    true,
    true,
    true,
    true,
    true
  ]
}